,COUNTY,STATE,COUNTYFIPS
0,ABBEVILLE,SC,45001
2,ADA,ID,16001
9,ADAMS,IN,18001
14,ADAMS,PA,42001
17,ADDISON,VT,50001
18,AGUADILLA,PR,72005
20,AIKEN,SC,45003
22,ALACHUA,FL,12001
23,ALAMANCE,NC,37001
28,ALBEMARLE,VA,51003
29,ALCORN,MS,28003
32,ALEXANDRIA,VA,51510
35,ALLEGAN,MI,26005
36,ALLEGANY,MD,24001
40,ALLEGHENY,PA,42003
41,ALLEN,IN,18003
43,ALLEN,KY,21003
45,ALLEN,OH,39003
51,ANDERSON,SC,45007
55,ANDROSCOGGIN,ME,23001
56,ANGELINA,TX,48005
57,ANNE ARUNDEL,MD,24003
58,ANOKA,MN,27003
66,ARECIBO,PR,72013
69,ARLINGTON,VA,51013
70,ARMSTRONG,PA,42005
71,AROOSTOOK,ME,23003
73,ASCENSION,LA,22005
78,ASHTABULA,OH,39007
85,ATLANTIC,NJ,34001
86,ATOKA,OK,40005
90,AUGLAIZE,OH,39011
91,AUGUSTA,VA,51015
103,BALTIMORE,MD,24005
104,BALTIMORE,MD,24510
105,BALTIMORE CITY,MD,24510
112,BARNSTABLE,MA,25001
116,BARROW,GA,13013
119,BARTHOLOMEW,IN,18005
122,BARTOW,GA,13015
127,BAY,FL,12005
128,BAY,MI,26017
134,BEAUFORT,SC,45013
137,BEAVER,PA,42007
142,BEDFORD,PA,42009
143,BEDFORD,TN,47003
145,BEE,TX,48025
146,BELKNAP,NH,33001
148,BELL,TX,48027
149,BELMONT,OH,39013
154,BENNINGTON,VT,50003
156,BENTON,IA,19011
157,BENTON,OR,41003
158,BENTON,TN,47005
161,BERGEN,NJ,34003
162,BERKELEY,WV,54003
163,BERKS,PA,42011
164,BERKSHIRE,MA,25003
165,BERNALILLO,NM,35001
167,BERRIEN,MI,26021
170,BEXAR,TX,48029
172,BIBB,GA,13021
178,BLACK HAWK,IA,19013
181,BLAINE,ID,16013
184,BLAIR,PA,42013
185,BLECKLEY,GA,13023
188,BLOUNT,TN,47009
189,BLUE EARTH,MN,27013
199,BOONE,KY,21015
200,BOONE,MO,29019
210,BOWIE,TX,48037
214,BOYD,KY,21019
217,BRADFORD,FL,12007
218,BRADFORD,PA,42015
220,BRADLEY,TN,47011
224,BRAZOS,TX,48041
228,BREVARD,FL,12009
230,BRISTOL,MA,25005
236,BROOKS,GA,13027
239,BROWARD,FL,12011
243,BROWN,OH,39015
248,BRUNSWICK,NC,37019
251,BUCHANAN,MO,29021
253,BUCKS,PA,42017
254,BUENA VISTA,IA,19021
256,BULLOCH,GA,13031
258,BUNCOMBE,NC,37021
261,BURKE,NC,37023
264,BURLINGTON,NJ,34005
272,BUTLER,OH,39017
273,BUTLER,PA,42019
277,CABARRUS,NC,37025
279,CABO ROJO,PR,72023
281,CADDO,LA,22017
285,CALCASIEU,LA,22019
286,CALDWELL,KY,21033
294,CALHOUN,MI,26025
295,CALHOUN,MS,28013
297,CALLAWAY,MO,29027
298,CALLOWAY,KY,21035
300,CALVERT,MD,24009
301,CAMBRIA,PA,42021
303,CAMDEN,MO,29029
304,CAMDEN,NJ,34007
306,CAMERON,TX,48061
311,CANADIAN,OK,40017
314,CANYON,ID,16027
316,CAPE MAY,NJ,34009
318,CARBON,PA,42025
328,CARROLL,NH,33003
329,CARROLL,TN,47017
333,CARTER,TN,47019
334,CARTERET,NC,37031
335,CARVER,MN,27019
342,CASS,MO,29037
343,CASS,ND,38017
344,CASS,TX,48067
347,CATAWBA,NC,37035
348,CATOOSA,GA,13047
353,CECIL,MD,24015
355,CENTRE,PA,42027
359,CHAMBERS,TX,48071
360,CHAMPAIGN,IL,17019
361,CHAMPAIGN,OH,39021
362,CHARLES,MD,24017
364,CHARLESTON,SC,45019
366,CHARLOTTE,FL,12015
367,CHARLOTTESVILLE,VA,51540
370,CHATHAM,GA,13051
372,CHATTAHOOCHEE,GA,13053
376,CHAVES,NM,35005
377,CHEATHAM,TN,47021
378,CHELAN,WA,53007
382,CHEROKEE,GA,13057
388,CHEROKEE,SC,45021
391,CHESAPEAKE,VA,51550
392,CHESHIRE,NH,33005
393,CHESTER,PA,42029
395,CHESTERFIELD,SC,45025
396,CHESTERFIELD,VA,51041
409,CHITTENDEN,VT,50007
416,CHRISTIAN,KY,21047
418,CIBOLA,NM,35006
421,CITRUS,FL,12017
424,CLAIBORNE,MS,28021
428,CLARION,PA,42031
430,CLARK,IN,18019
432,CLARK,KY,21049
433,CLARK,NV,32003
434,CLARK,OH,39023
435,CLARK,WA,53011
438,CLARKE,GA,13059
441,CLATSOP,OR,41007
443,CLAY,FL,12019
449,CLAY,MO,29047
454,CLAYTON,GA,13063
456,CLEARFIELD,PA,42033
460,CLERMONT,OH,39025
461,CLEVELAND,NC,37045
462,CLEVELAND,OK,40027
467,CLINTON,MI,26037
470,CLINTON,OH,39027
471,CLINTON,PA,42035
475,COBB,GA,13067
480,CODINGTON,SD,46029
486,COLE,MO,29051
488,COLES,IL,17029
492,COLLIER,FL,12021
493,COLLIN,TX,48085
498,COLUMBIA,FL,12023
499,COLUMBIA,PA,42037
501,COLUMBIA,WI,55021
502,COLUMBIANA,OH,39029
503,COLUMBUS,NC,37047
505,COMAL,TX,48091
507,COMANCHE,OK,40031
508,COMANCHE,TX,48093
517,COOK,IL,17031
520,COOPER,MO,29053
521,COOS,NH,33007
526,CORYELL,TX,48099
531,COWETA,GA,13077
534,CRAIG,OK,40035
537,CRAVEN,NC,37049
544,CRAWFORD,OH,39033
545,CRAWFORD,PA,42039
547,CREEK,OK,40037
556,CROW WING,MN,27035
560,CULPEPER,VA,51047
562,CUMBERLAND,ME,23005
563,CUMBERLAND,NC,37051
564,CUMBERLAND,NJ,34011
565,CUMBERLAND,PA,42041
567,CUMING,NE,31039
568,CURRY,NM,35009
574,CUYAHOGA,OH,39035
575,DADE,GA,13083
576,DAKOTA,MN,27037
581,DALLAS,TX,48085
582,DALLAS,TX,48113
583,DALLAS,TX,48121
584,DANE,WI,55025
586,DANVILLE,VA,51590
587,DARE,NC,37055
589,DARLINGTON,SC,45031
590,DAUPHIN,PA,42043
591,DAVIDSON,NC,37057
592,DAVIDSON,TN,47037
593,DAVIE,NC,37059
594,DAVIESS,IN,18027
595,DAVIESS,KY,21059
597,DAVIS,UT,49011
598,DAVISON,SD,46035
615,DEKALB,GA,13089
616,DEKALB,IL,17037
620,DELAWARE,IN,18035
622,DELAWARE,OH,39041
623,DELAWARE,OK,40041
624,DELAWARE,PA,42045
627,DENTON,TX,48121
629,DES MOINES,IA,19057
630,DESCHUTES,OR,41017
632,DESOTO,FL,12027
633,DESOTO,MS,28033
645,DILLON,SC,45033
648,DISTRICT OF COLUMBIA,DC,11001
650,DODGE,NE,31053
651,DODGE,WI,55027
652,DONA ANA,NM,35013
655,DORCHESTER,MD,24019
656,DORCHESTER,SC,45035
657,DOUGHERTY,GA,13095
660,DOUGLAS,GA,13097
662,DOUGLAS,MN,27041
663,DOUGLAS,NE,31055
669,DUBOIS,IN,18037
670,DUBUQUE,IA,19061
676,DUPAGE,IL,17043
677,DUPLIN,NC,37061
678,DURHAM,NC,37063
680,DUVAL,FL,12031
681,DYER,TN,47045
684,EAST BATON ROUGE,LA,22033
690,ECTOR,TX,48135
691,EDDY,NM,35015
693,EDGECOMBE,NC,37065
698,EFFINGHAM,IL,17049
701,EL PASO,TX,48135
702,EL PASO,TX,48141
703,ELBERT,GA,13105
704,ELK,PA,42047
705,ELKHART,IN,18039
709,ELLIS,TX,48139
715,EMMET,MI,26047
720,ERIE,OH,39043
721,ERIE,PA,42049
723,ESCAMBIA,FL,12033
724,ESSEX,MA,25009
725,ESSEX,NJ,34013
727,ESSEX,VA,51057
733,FAIRFAX,VA,51059
735,FAIRFIELD,OH,39045
740,FANNIN,GA,13111
745,FAUQUIER,VA,51061
747,FAYETTE,GA,13113
750,FAYETTE,IN,18041
751,FAYETTE,KY,21067
753,FAYETTE,PA,42051
761,FINNEY,KS,20055
763,FLAGLER,FL,12035
766,FLORENCE,SC,45041
767,FLOYD,GA,13115
772,FOND DU LAC,WI,55039
776,FORSYTH,GA,13117
777,FORSYTH,NC,37067
778,FORT BEND,TX,48157
783,FRANKLIN,GA,13119
786,FRANKLIN,IL,17055
790,FRANKLIN,MA,25011
791,FRANKLIN,ME,23007
793,FRANKLIN,NC,37069
796,FRANKLIN,OH,39049
797,FRANKLIN,PA,42055
800,FRANKLIN,VA,51067
801,FRANKLIN,VT,50011
802,FRANKLIN,WA,53021
803,FRANKLIN CITY,VA,51620
804,FREDERICK,MD,24021
806,FREEBORN,MN,27047
814,FULTON,GA,13121
819,FULTON,OH,39051
822,GADSDEN,FL,12039
824,GALAX,VA,51640
825,GALLATIN,MT,30031
827,GALVESTON,TX,48167
835,GARRARD,KY,21079
836,GARRETT,MD,24023
837,GARVIN,OK,40049
839,GASTON,NC,37071
841,GEAUGA,OH,39055
843,GENESEE,MI,26049
847,GEORGETOWN,SC,45043
849,GIBSON,TN,47053
851,GILES,TN,47055
856,GLADWIN,MI,26051
858,GLOUCESTER,NJ,34015
859,GLOUCESTER,VA,51073
860,GLYNN,GA,13127
864,GORDON,GA,13129
867,GRADY,GA,13131
868,GRAFTON,NH,33009
873,GRAND FORKS,ND,38035
876,GRANT,IN,18053
884,GRANT,WI,55043
886,GRANVILLE,NC,37077
887,GRATIOT,MI,26057
892,GRAYSON,TX,48181
897,GREENBRIER,WV,54025
902,GREENE,IN,18055
903,GREENE,MO,29077
904,GREENE,MS,28041
906,GREENE,PA,42059
907,GREENE,TN,47059
909,GREENVILLE,SC,45045
911,GREENWOOD,SC,45047
913,GREGG,TX,48183
919,GRUNDY,IL,17063
922,GUADALUPE,TX,48187
925,GUERNSEY,OH,39059
926,GUILFORD,NC,37081
927,GULF,FL,12045
930,GWINNETT,GA,13135
932,HABERSHAM,GA,13137
934,HALE,TX,48189
935,HALIFAX,NC,37083
936,HALIFAX,VA,51083
937,HALL,GA,13139
939,HAMBLEN,TN,47063
942,HAMILTON,IN,18057
945,HAMILTON,OH,39061
946,HAMILTON,TN,47065
948,HAMPDEN,MA,25013
949,HAMPSHIRE,MA,25015
952,HAMPTON,VA,51650
955,HANCOCK,IN,18059
956,HANCOCK,ME,23009
958,HANCOCK,OH,39063
961,HANOVER,VA,51085
969,HARDIN,KY,21093
970,HARDIN,OH,39065
972,HARDIN,TX,48199
973,HARFORD,MD,24025
974,HARLAN,KY,21095
977,HARNETT,NC,37085
982,HARRIS,TX,48201
983,HARRIS,TX,48339
988,HARRISON,MS,28047
991,HARRISON,WV,54033
992,HARRISONBURG,VA,51660
993,HART,GA,13147
1001,HAWAII,HI,15001
1010,HENDERSON,TX,48213
1011,HENDRICKS,IN,18063
1013,HENNEPIN,MN,27053
1014,HENRICO,VA,51087
1015,HENRY,GA,13151
1016,HENRY,IA,19087
1017,HENRY,IL,17073
1018,HENRY,IN,18065
1020,HENRY,OH,39069
1023,HERNANDO,FL,12053
1024,HERTFORD,NC,37091
1025,HICKMAN,TN,47081
1026,HIDALGO,TX,48215
1028,HIGHLANDS,FL,12055
1031,HILLSBOROUGH,FL,12057
1032,HILLSBOROUGH,NH,33011
1033,HILLSDALE,MI,26059
1034,HINDS,MS,28049
1035,HOCKING,OH,39073
1038,HOKE,NC,37093
1039,HOLMES,MS,28051
1040,HOLMES,OH,39075
1042,HONOLULU,HI,15003
1045,HOPEWELL,VA,51670
1048,HORRY,SC,45051
1053,HOUSTON,GA,13153
1058,HOWARD,IN,18067
1059,HOWARD,MD,24027
1062,HOWELL,MO,29091
1064,HUDSON,NJ,34017
1068,HUMACAO,PR,72069
1075,HUNTERDON,NJ,34019
1076,HUNTINGDON,PA,42061
1079,HURON,OH,39077
1082,IBERIA,LA,22045
1088,INDIAN RIVER,FL,12061
1089,INDIANA,PA,42063
1090,INGHAM,MI,26065
1092,IONIA,MI,26067
1094,IOWA,IA,19095
1096,IREDELL,NC,37097
1104,ISLAND,WA,53029
1110,JACKSON,FL,12063
1113,JACKSON,IL,17077
1119,JACKSON,MO,29095
1121,JACKSON,NC,37099
1128,JAMES CITY,VA,51095
1131,JASPER,IN,18073
1132,JASPER,MO,29097
1143,JEFFERSON,IL,17081
1146,JEFFERSON,KY,21111
1147,JEFFERSON,LA,22051
1148,JEFFERSON,MO,29099
1152,JEFFERSON,OH,39081
1154,JEFFERSON,PA,42065
1156,JEFFERSON,TX,48245
1159,JEFFERSON,WV,54037
1160,JEFFERSON DAVIS,LA,22053
1163,JENNINGS,IN,18079
1165,JEROME,ID,16053
1166,JERSEY,IL,17083
1171,JOHNSON,IA,19103
1172,JOHNSON,IN,18081
1173,JOHNSON,KS,20091
1174,JOHNSON,KY,21115
1175,JOHNSON,MO,29101
1178,JOHNSON,TX,48251
1180,JOHNSTON,NC,37101
1183,JONES,MS,28067
1184,JONES,TX,48253
1185,JOSEPHINE,OR,41033
1189,KALAMAZOO,MI,26077
1190,KALKASKA,MI,26079
1192,KANAWHA,WV,54039
1194,KANE,IL,17089
1199,KAUFMAN,TX,48257
1203,KEITH,NE,31101
1204,KEMPER,MS,28067
1206,KENNEBEC,ME,23011
1207,KENOSHA,WI,55059
1208,KENT,DE,10001
1209,KENT,MD,24029
1210,KENT,MI,26081
1211,KENT,RI,44003
1212,KENTON,KY,21117
1215,KERR,TX,48265
1216,KERSHAW,SC,45055
1220,KING,WA,53033
1230,KITSAP,WA,53035
1237,KNOX,KY,21121
1238,KNOX,ME,23013
1240,KNOX,OH,39083
1241,KNOX,TN,47093
1245,KOOTENAI,ID,16055
1251,LA SALLE,IL,17099
1255,LACKAWANNA,PA,42069
1256,LACLEDE,MO,29105
1265,LAKE,FL,12069
1266,LAKE,IL,17097
1267,LAKE,IN,18089
1270,LAKE,OH,39085
1274,LAMAR,MS,28073
1275,LAMAR,TX,48277
1277,LAMOILLE,VT,50015
1279,LANCASTER,NE,31109
1280,LANCASTER,PA,42071
1282,LANCASTER,SC,45057
1286,LANE,OR,41039
1289,LAPEER,MI,26087
1297,LATIMER,OK,40077
1301,LAUREL,KY,21125
1302,LAURENS,GA,13175
1303,LAURENS,SC,45059
1304,LAVACA,TX,48285
1309,LAWRENCE,MO,29109
1311,LAWRENCE,OH,39087
1312,LAWRENCE,PA,42073
1314,LAWRENCE,TN,47099
1316,LE SUEUR,MN,27079
1319,LEAVENWORTH,KS,20103
1320,LEBANON,PA,42075
1322,LEE,FL,12071
1324,LEE,IL,17103
1325,LEE,MS,28081
1330,LEHIGH,PA,42077
1332,LENAWEE,MI,26091
1334,LEON,FL,12073
1337,LEVY,FL,12075
1339,LEWIS,WA,53041
1342,LEXINGTON,SC,45063
1344,LIBERTY,GA,13179
1346,LIBERTY,TX,48291
1347,LICKING,OH,39089
1353,LINCOLN,LA,22061
1357,LINCOLN,MS,28085
1359,LINCOLN,NC,37109
1367,LINCOLN,WI,55069
1370,LINN,IA,19113
1378,LIVINGSTON,MI,26093
1381,LLANO,TX,48299
1390,LORAIN,OH,39093
1393,LOUDON,TN,47105
1394,LOUDOUN,VA,51107
1396,LOWNDES,GA,13185
1397,LOWNDES,MS,28087
1398,LUBBOCK,TX,48303
1399,LUCAS,IA,19117
1400,LUCAS,OH,39095
1404,LUZERNE,PA,42079
1405,LYCOMING,PA,42081
1406,LYNCHBURG,VA,51680
1409,LYON,KS,20111
1411,LYON,NV,32019
1413,MACOMB,MI,26099
1416,MACON,IL,17115
1423,MADISON,FL,12079
1425,MADISON,ID,16065
1426,MADISON,IL,17119
1427,MADISON,IN,18095
1428,MADISON,KY,21151
1431,MADISON,MS,28089
1433,MADISON,NE,31119
1436,MADISON,TN,47113
1440,MAHONING,OH,39099
1444,MANATEE,FL,12081
1446,MANISTEE,MI,26101
1447,MANITOWOC,WI,55071
1449,MARATHON,WI,55073
1455,MARION,FL,12083
1458,MARION,IN,18097
1461,MARION,MO,29127
1462,MARION,OH,39101
1463,MARION,OR,41047
1466,MARION,WV,54049
1468,MARLBORO,SC,45069
1469,MARQUETTE,MI,26103
1472,MARSHALL,IN,18099
1474,MARSHALL,KY,21157
1479,MARSHALL,TN,47117
1480,MARSHALL,WV,54051
1481,MARTIN,FL,12085
1485,MARTINSVILLE,VA,51690
1492,MATAGORDA,TX,48321
1494,MAUI,HI,15009
1496,MAVERICK,TX,48323
1497,MAYAGUEZ,PR,72097
1508,MCHENRY,IL,17111
1510,MCINTOSH,OK,40091
1511,MCKEAN,PA,42083
1512,MCKENZIE,ND,38053
1516,MCLENNAN,TX,48309
1518,MCMINN,TN,47107
1525,MECKLENBURG,NC,37119
1528,MEDINA,OH,39103
1529,MEDINA,TX,48325
1536,MERCER,NJ,34021
1537,MERCER,OH,39107
1538,MERCER,PA,42085
1539,MERCER,WV,54055
1542,MERRIMACK,NH,33013
1544,MIAMI,IN,18103
1546,MIAMI,OH,39109
1547,MIAMI-DADE,FL,12086
1549,MIDDLESEX,MA,25017
1550,MIDDLESEX,NJ,34023
1551,MIDLAND,MI,26111
1552,MIDLAND,TX,48329
1553,MIFFLIN,PA,42087
1556,MILLE LACS,MN,27095
1560,MILWAUKEE,WI,55079
1564,MINGO,WV,54059
1566,MINNEHAHA,SD,46099
1568,MISSOULA,MT,30063
1574,MOCA,PR,72099
1579,MONMOUTH,NJ,34025
1582,MONONGALIA,WV,54061
1583,MONROE,FL,12087
1585,MONROE,IN,18105
1587,MONROE,MI,26115
1590,MONROE,PA,42089
1591,MONROE,TN,47123
1592,MONROE,WI,55081
1593,MONTAGUE,TX,48337
1603,MONTGOMERY,KY,47125
1604,MONTGOMERY,MD,24031
1608,MONTGOMERY,OH,39113
1609,MONTGOMERY,PA,42091
1610,MONTGOMERY,TN,47125
1611,MONTGOMERY,TX,48339
1612,MONTGOMERY,VA,51121
1616,MOORE,NC,37125
1620,MORGAN,GA,13211
1627,MORRIS,NJ,34027
1630,MORTON,KS,20129
1634,MUHLENBERG,KY,21177
1635,MULTNOMAH,OR,41051
1636,MURRAY,GA,13213
1640,MUSCOGEE,GA,13215
1642,MUSKINGUM,OH,39119
1649,NASH,NC,37127
1650,NASSAU,FL,12089
1655,NAVARRO,TX,48349
1664,NEW CASTLE,DE,10003
1665,NEW HANOVER,NC,37129
1670,NEWAYGO,MI,26123
1672,NEWPORT,RI,44005
1673,NEWPORT NEWS,VA,51700
1674,NEWTON,GA,13217
1675,NEWTON,MO,29145
1677,NEZ PERCE,ID,16069
1683,NOBLE,IN,18113
1689,NORFOLK,MA,25021
1690,NORFOLK,VA,51710
1693,NORTHAMPTON,PA,42095
1695,NORTHUMBERLAND,PA,42097
1706,NUECES,TX,48355
1709,OAKLAND,MI,26125
1710,OBION,TN,47131
1711,OCEAN,NJ,34029
1716,OGEMAW,MI,26129
1717,OGLE,IL,17141
1720,OKALOOSA,FL,12091
1722,OKEECHOBEE,FL,12093
1724,OKLAHOMA,OK,40109
1727,OLDHAM,KY,21185
1728,OLMSTED,MN,27109
1733,ONSLOW,NC,37133
1737,ORANGE,FL,12095
1739,ORANGE,NC,37135
1742,ORANGE,VT,50017
1743,ORANGEBURG,SC,45075
1744,ORLEANS,LA,22071
1746,ORLEANS,VT,50019
1750,OSCEOLA,FL,12097
1752,OSCEOLA,MI,26133
1757,OTSEGO,MI,26137
1760,OTTAWA,MI,26139
1761,OTTAWA,OH,39123
1763,OTTER TAIL,MN,27111
1766,OUTAGAMIE,WI,55087
1767,OVERTON,TN,47133
1769,OXFORD,ME,23017
1770,OZAUKEE,WI,55089
1774,PALM BEACH,FL,12099
1781,PARKER,TX,48367
1783,PASCO,FL,12101
1784,PASQUOTANK,NC,37139
1785,PASSAIC,NJ,34031
1787,PAULDING,GA,13223
1792,PAYNE,OK,40119
1793,PEACH,GA,13225
1794,PEARL RIVER,MS,28109
1797,PEMISCOT,MO,29155
1799,PENDER,NC,37141
1802,PENOBSCOT,ME,23019
1807,PERRY,KY,21193
1813,PETERSBURG,VA,51730
1814,PETTIS,MO,29159
1815,PHELPS,MO,29161
1817,PHILADELPHI,PA,42101
1818,PHILADELPHIA,PA,42101
1826,PICKENS,SC,45077
1829,PIERCE,WA,53053
1839,PINELLAS,FL,12103
1841,PISCATAQUIS,ME,23021
1843,PITT,NC,37147
1844,PITTSBURG,OK,40121
1846,PLATTE,MO,29165
1850,PLYMOUTH,MA,25023
1853,POINTE COUPEE,LA,22077
1855,POLK,FL,12105
1857,POLK,IA,19153
1866,PONCE,PR,72113
1872,PORTAGE,OH,39133
1874,PORTER,IN,18127
1875,PORTSMOUTH,VA,51740
1878,POTTAWATTAMIE,IA,19155
1879,POTTER,PA,42105
1881,POTTER,TX,48375
1884,POWESHIEK,IA,19157
1889,PRESTON,WV,54077
1892,PRINCE GEORGE'S,MD,24033
1893,PRINCE WILLIAM,VA,51153
1894,PROVIDENCE,RI,44007
1900,PULASKI,KY,21199
1901,PULASKI,MO,29169
1902,PULASKI,VA,51155
1904,PUTNAM,FL,12107
1906,PUTNAM,IN,18133
1915,RACINE,WI,55101
1919,RANDALL,TX,48381
1924,RANDOLPH,IN,18135
1926,RANDOLPH,NC,37151
1927,RANDOLPH,WV,54083
1928,RANKIN,MS,28121
1938,REEVES,TX,48389
1940,RENO,KS,20155
1947,RICE,MN,27131
1952,RICHLAND,OH,39139
1953,RICHLAND,SC,45079
1955,RICHMOND,GA,13245
1956,RICHMOND,NC,37153
1958,RICHMOND CITY,VA,51760
1959,RILEY,KS,20161
1964,RIPLEY,IN,18137
1967,ROANE,TN,47145
1970,ROANOKE CITY,VA,51770
1972,ROBERTSON,TN,47147
1976,ROCK ISLAND,IL,17161
1977,ROCKCASTLE,KY,21203
1978,ROCKDALE,GA,13247
1979,ROCKINGHAM,NC,37157
1980,ROCKINGHAM,NH,33015
1981,ROCKINGHAM,VA,51165
1983,ROCKWALL,TX,48397
1985,ROGERS,OK,40131
1994,ROWAN,KY,21205
1995,ROWAN,NC,37159
2000,RUSK,WI,55107
2005,RUTHERFORD,NC,37161
2006,RUTHERFORD,TN,47149
2007,RUTHERFORD,TN,47179
2008,RUTLAND,VT,50021
2015,SAINT CROIX,WI,55109
2016,SALEM,NJ,34033
2020,SALINE,KS,20169
2023,SALT LAKE,UT,49035
2024,SAMPSON,NC,37163
2033,SAN JUAN,PR,72127
2041,SANDOVAL,NM,35043
2042,SANDUSKY,OH,39143
2050,SANTA FE,NM,35049
2051,SANTA ROSA,FL,12113
2052,SARASOTA,FL,12115
2054,SARPY,NE,31153
2064,SCHUYLKILL,PA,42107
2065,SCIOTO,OH,39145
2067,SCOTLAND,NC,37165
2069,SCOTT,IA,19163
2072,SCOTT,KY,21209
2073,SCOTT,MN,27139
2074,SCOTT,MO,29201
2082,SEDGWICK,KS,20173
2083,SEMINOLE,FL,12117
2085,SEMINOLE,OK,40133
2086,SENECA,OH,39147
2089,SEVIER,TN,47155
2100,SHELBY,IL,17173
2103,SHELBY,OH,39149
2104,SHELBY,TN,47157
2106,SHENANDOAH,VA,51171
2107,SHERBURNE,MN,27141
2113,SHIAWASSEE,MI,26155
2121,SIOUX,IA,19167
2127,SMITH,MS,28129
2128,SMITH,TX,48423
2129,SMYTH,VA,51173
2130,SNOHOMISH,WA,53061
2133,SOMERSET,MD,24039
2134,SOMERSET,ME,23025
2135,SOMERSET,NJ,34035
2136,SOMERSET,PA,42111
2139,SPALDING,GA,13255
2140,SPARTANBURG,SC,45083
2141,SPOKANE,WA,53063
2142,SPOTSYLVANIA,VA,51177
2143,ST JOSEPH,IN,18141
2145,ST. CHARLES,LA,22089
2146,ST. CHARLES,MO,29183
2148,ST. CLAIR,IL,17163
2149,ST. CLAIR,MI,26147
2151,ST. CROIX,WI,55109
2156,ST. JOHN THE BAPTIST,LA,22095
2157,ST. JOHNS,FL,12109
2158,ST. JOSEPH,IN,18141
2159,ST. JOSEPH,MI,26149
2162,ST. LOUIS,MN,27137
2163,ST. LOUIS,MO,29189
2164,ST. LOUIS CITY,MO,29510
2165,ST. LUCIE,FL,12111
2166,ST. MARTIN,LA,22099
2167,ST. MARY,LA,22101
2168,ST. MARY'S,MD,24037
2169,ST. TAMMANY,LA,22103
2171,STAFFORD,VA,51179
2173,STANLY,NC,37167
2176,STARK,OH,39151
2177,STARKE,IN,18149
2178,STARR,TX,48427
2179,STAUNTON,VA,51790
2181,STEARNS,MN,27145
2186,STEUBEN,IN,18151
2194,STOKES,NC,37169
2198,STORY,IA,19169
2199,STRAFFORD,NH,33017
2200,STUTSMAN,ND,38093
2201,SUFFOLK,MA,25025
2203,SUFFOLK,VA,51800
2206,SULLIVAN,NH,33019
2208,SULLIVAN,TN,47163
2209,SUMMERS,WV,54089
2211,SUMMIT,OH,39153
2212,SUMMIT,UT,49043
2214,SUMNER,TN,47165
2216,SUMTER,FL,12119
2218,SUMTER,SC,45085
2220,SURRY,NC,37171
2221,SUSQUEHANNA,PA,42115
2222,SUSSEX,DE,10005
2223,SUSSEX,NJ,34037
2232,TALBOT,MD,24041
2236,TANEY,MO,29213
2237,TANGIPAHOA,LA,22105
2238,TARRANT,TX,48439
2244,TAYLOR,WI,55119
2246,TAZEWELL,IL,17179
2254,TETON,WY,56039
2256,TEXAS,OK,40139
2261,THURSTON,WA,53067
2265,TIOGA,PA,42117
2266,TIPPAH,MS,28139
2267,TIPPECANOE,IN,18157
2269,TIPTON,TN,47167
2275,TOM GREEN,TX,48451
2277,TOOELE,UT,49045
2285,TRAVIS,TX,48453
2291,TROUP,GA,13285
2293,TRUMBULL,OH,39155
2295,TULSA,OK,40143
2299,TUSCARAWAS,OH,39157
2300,TUSCOLA,MI,26157
2307,UMATILLA,OR,41059
2310,UNION,FL,12125
2317,UNION,NC,37179
2318,UNION,NJ,34039
2320,UNION,OH,39159
2322,UNION,PA,42119
2328,UTAH,UT,49049
2331,VAL VERDE,TX,48465
2338,VAN BUREN,MI,26159
2340,VAN ZANDT,TX,48467
2341,VANCE,NC,37181
2343,VEGA BAJA,PR,72145
2344,VENANGO,PA,42121
2346,VERMILION,IL,17183
2347,VERMILION,LA,22113
2354,VIGO,IN,18167
2356,VIRGINIA BEACH,VA,51810
2357,VOLUSIA,FL,12127
2359,WABASH,IN,18169
2363,WAKE,NC,37183
2364,WALDO,ME,23027
2371,WALTON,FL,12131
2372,WALTON,GA,13297
2374,WALWORTH,WI,55127
2375,WAPELLO,IA,19179
2377,WARD,TX,48475
2378,WARE,GA,13299
2381,WARREN,KY,21227
2382,WARREN,MS,28149
2383,WARREN,NJ,34041
2385,WARREN,OH,39165
2386,WARREN,PA,42123
2389,WARRICK,IN,18173
2394,WASHBURN,WI,55129
2397,WASHINGTON,GA,13303
2402,WASHINGTON,MD,24043
2403,WASHINGTON,ME,23029
2404,WASHINGTON,MN,27163
2405,WASHINGTON,MO,29221
2406,WASHINGTON,MS,28151
2407,WASHINGTON,NE,31177
2411,WASHINGTON,PA,42125
2412,WASHINGTON,RI,44009
2413,WASHINGTON,TN,47179
2417,WASHINGTON,VT,50023
2418,WASHINGTON,WI,55131
2420,WASHOE,NV,32031
2421,WASHTENAW,MI,26161
2422,WATAUGA,NC,37189
2424,WAUKESHA,WI,55133
2428,WAYNE,IL,17191
2429,WAYNE,IN,18177
2430,WAYNE,MI,26163
2433,WAYNE,OH,39169
2434,WAYNE,PA,42127
2438,WEBB,TX,48479
2439,WEBER,UT,49057
2442,WEBSTER,MS,28155
2446,WELLS,IN,18179
2451,WESTMORELAND,PA,42129
2453,WETZEL,WV,54103
2456,WHATCOM,WA,53073
2462,WHITE,TN,47185
2465,WHITFIELD,GA,13313
2467,WHITLEY,KY,21235
2471,WICOMICO,MD,24045
2475,WILKES,NC,37193
2478,WILL,IL,17197
2480,WILLIAMS,OH,39171
2483,WILLIAMSON,IL,17199
2484,WILLIAMSON,TN,47187
2485,WILLIAMSON,TX,48491
2487,WILSON,NC,37195
2488,WILSON,TN,47189
2489,WILSON,TX,48493
2492,WINDHAM,VT,50025
2493,WINDSOR,VT,50027
2496,WINNEBAGO,IL,17201
2502,WISE,TX,48497
2504,WOOD,OH,39173
2506,WOOD,WI,55141
2507,WOOD,WV,54107
2509,WOODFORD,IL,17203
2513,WORCESTER,MA,25027
2514,WORCESTER,MD,24047
2522,WYOMING,PA,42131
2523,WYTHE,VA,51197
2526,YALOBUSHA,MS,28161
2535,YELLOWSTONE,MT,30111
2538,YORK,ME,23031
2540,YORK,PA,42133
2541,YORK,SC,45091
2542,YORK,VA,51199
